{
  "model": "Qwen/Qwen2.5-Math-1.5B",
  "n_problems": 50,
  "max_new_tokens": 256,
  "n_fewshot": 3,
  "top_heads": [
    [
      0,
      10
    ],
    [
      0,
      6
    ],
    [
      8,
      3
    ],
    [
      19,
      6
    ],
    [
      15,
      7
    ],
    [
      10,
      5
    ],
    [
      0,
      7
    ],
    [
      15,
      9
    ],
    [
      11,
      8
    ],
    [
      13,
      4
    ]
  ],
  "baseline_accuracy": 0.26,
  "top10_ablated_accuracy": 0.0,
  "random_ablated_accuracies": [
    0.22,
    0.24,
    0.04,
    0.22,
    0.22
  ],
  "random_ablated_mean": 0.188,
  "causal_effect_ratio": 3.6111111111111107,
  "accuracy_drop": 0.26,
  "time_minutes": 11.755115715662638
}